0.023234587761481813,3.422723461057964e-05,0.9742240400686827,0.0024928835874705505,1.4261347754408182e-05,0.0,0.04680613429386494,-0.02080272635282886,0.655285880114109,-0.6691543643493283,-0.346712105880481,0.0
0.008804938684289942,2.1912230485231987e-05,0.9901866453568966,0.0009830279952167868,3.475733111450591e-06,0.0,-0.37272168813852885,0.19612260256813063,0.6101099061791394,-0.6194279483826027,-0.25824288392455214,0.0
0.037216472142699845,4.6712444862632045e-05,0.9561370142739886,0.006533069074359539,6.673206408947435e-05,0.0,-0.42497426227587376,-0.1634516393368745,0.5720807376790609,-0.5788912226514306,-0.3609557035355979,0.0
0.015102353174144788,2.578425386557534e-05,0.9827836817989296,0.0020795860217715364,8.594751288525113e-06,0.0,0.010402365330152551,0.09362128797137297,0.6333884667692887,-0.6380117402493565,-0.42765279690627156,0.0
0.019005473890234586,5.696132792729867e-05,0.9793874696284067,0.0015454261921258902,4.668961305516285e-06,0.0,-0.6409804374840461,-0.016074744513706486,0.501331094521221,-0.5164011675028208,-0.26623795600826367,0.0
0.008290522538895256,9.951918835212109e-06,0.99101982862413,0.0006772089384307317,2.4879797088030273e-06,0.0,-0.592388761559682,-0.0935574497797057,0.5345532471504094,-0.5417826864515685,-0.2470767196454955,0.0
0.034906352700934874,9.817565096592568e-05,0.962955872499282,0.00203469036626881,4.908782548296285e-06,0.0,0.44822512807656517,0.11886633230759738,0.570806033268775,-0.5807115609610748,-0.3491698511535673,0.0
0.025952995149561585,5.684707675430847e-05,0.9722355804316998,0.001748431712064947,6.145629919384699e-06,0.0,-0.05045013377084519,0.10843013825375682,0.6671465450890871,-0.6791943382283934,-0.2816171646312851,0.0
0.0098435372506614,1.4707555109141528e-05,0.9885026049239005,0.0016247125786162673,1.443769171264352e-05,0.0,-0.37922436477747373,0.06447400328519647,0.6154336677223299,-0.6212949407482568,-0.2954081605067183,0.0
0.015635143619572505,2.1343287210094427e-05,0.9828648975848292,0.001467943864783161,1.0671643605047214e-05,0.0,-0.27335335482214823,0.004970060996766331,0.6287127160909409,-0.6394811815839346,-0.3479042697736432,0.0
0.013937130887898335,2.571362252124154e-05,0.9831607045810556,0.0028430926955243007,3.2663250229685194e-05,6.949627708443659e-07,-0.12999164504426897,0.12081576421761468,0.6644867031968807,-0.68972037547018,-0.22557373698858438,-0.019116418388863084
0.03853912861222458,0.00017466181106831898,0.954395801130062,0.00676814517889736,0.00012226326774782327,0.0,0.009391223963553652,0.388170590493551,0.6229511895823924,-0.6432988415034253,-0.2175633551556596,0.0
0.0015391785372360618,3.015287314804137e-07,0.99819690158761,0.00026314777885667195,4.7056756579519106e-07,0.0,-0.27299990320940587,-0.01440632734614279,0.6382003014341255,-0.6400010923523934,-0.3291845798593628,0.0
0.014185606167336336,1.83149151033243e-05,0.9842322669356611,0.0015595854630292307,4.226518869997915e-06,0.0,-0.30734441028459064,-0.07819089531169687,0.6224304933723196,-0.6263013297738887,-0.34605277430028214,0.0
0.009067006741601501,1.3535435901338125e-05,0.9898856744445966,0.0010297343158787236,3.962296407015648e-06,8.676561475216747e-08,-0.15894559050213916,0.2001783378290539,0.6371124506320055,-0.6450929823726986,-0.32121640256290046,-0.09709646951176701
0.0031934781349423434,1.2736486862987364e-06,0.9962797456670532,0.0005247677519990467,7.347973190185018e-07,0.0,-0.2557613392336758,-0.052286185114273624,0.6475927505719673,-0.6526323828721382,-0.2941885355224793,0.0
0.020126309356059965,4.001736511116339e-05,0.9788671932790229,0.0009616294100955324,4.850589710444048e-06,0.0,-0.4745556894178362,-0.11640045212135605,0.5621047474236426,-0.5710586283560546,-0.34522185372744063,0.0
0.03601238762869766,0.00014030469076846156,0.9616917174314548,0.0021351822940582237,2.0407955020867133e-05,0.0,-0.28163241154585855,0.09020255174066644,0.6254043587352873,-0.6474538713830057,-0.3197179333919177,0.0
0.0529558943325963,0.00013382986151518677,0.9430990340975213,0.0037937856394739903,1.7456068893285232e-05,0.0,0.0296872519428826,-0.03414033973431499,0.6412446419662642,-0.6590569931319937,-0.39038736304890614,0.0
0.019152739584908852,3.8110164576363835e-05,0.9786154339020878,0.0021901435204979094,3.57282792903411e-06,0.0,-0.28744589838157175,0.02552608364006236,0.6597937706094379,-0.6420364950337423,-0.2630296444649904,0.0
0.03255184331797235,4.8963133640552995e-05,0.9665293778801843,0.0008669354838709677,2.880184331797235e-06,0.0,-0.4204259631179276,-0.08559007302848191,0.6019521619585542,-0.613238764995277,-0.27840287490583127,0.0
0.013683240086632744,8.861417881900966e-05,0.984483272009753,0.0017328750347439133,1.1888610326028627e-05,1.100797252410058e-07,-0.3839570299336802,0.3775577461014522,0.5479386781345228,-0.5523381857691796,-0.3003663848752019,-0.12038652709378932
0.004721963000101955,2.816054155096388e-06,0.9947872801887367,0.00048729611810327555,6.276747213166648e-07,1.6964181657207157e-08,-0.4278131827928992,-0.0175951367776163,0.5504764220425671,-0.5514818584298595,-0.4323376465357148,-0.15031273990020783
0.07586389514100357,0.00019859658413875282,0.9182444061962134,0.005693102078644248,0.0,0.0,0.39802193853244644,-0.0192591260580216,0.6344812084670449,-0.6622999461064095,0.0,0.0
0.0063706699166369675,5.622697149284843e-06,0.9927885443014234,0.0008321591780941568,3.0039066961932725e-06,0.0,-0.515589334574286,-0.047827349078756395,0.5676212857698562,-0.5691980115636612,-0.29274542238315726,0.0
0.008124868868437706,5.982376772653017e-06,0.9911667002107079,0.0007002051527920393,2.2433912897448817e-06,0.0,-0.17838686298981932,-0.05847672488432383,0.6455436202117771,-0.6488288294749414,-0.3564452050533222,0.0
0.0016047673786950141,3.7553058783814687e-07,0.9982759927184619,0.00011881966623288413,4.470602236168415e-08,0.0,-0.09928144638155532,0.014228232761687864,0.6820066237102383,-0.6895950145164718,-0.22196043108233068,0.0
0.045442415144691856,7.505629221916437e-05,0.9522225002084898,0.002260028354599283,0.0,0.0,-0.4794659298402274,-0.1287282068442634,0.6081941366844908,-0.6193878938013833,0.0,0.0
0.013839093155993326,4.564344708441071e-05,0.9857021902008083,0.0004130731961139169,0.0,0.0,0.0038863810555474893,0.31382527023545975,0.6684575415541681,-0.6742871131374893,0.0,0.0
0.015017187948793375,1.828672897396632e-05,0.9825844129597417,0.002359776258718119,2.0020815342187264e-05,3.152884305856262e-07,-0.19889099089263804,-0.05000687771014899,0.633041611012568,-0.6444068104921472,-0.3545942237628747,-0.12729023417128835
0.0580055261155679,0.00021356968378338694,0.9360839328857269,0.005662266241307046,3.470507361480038e-05,0.0,-0.15619954842261885,0.03506520474793484,0.6391430501782669,-0.6550817796091465,-0.3697785227964038,0.0
0.006955097241751555,1.7017736262905115e-05,0.9913904006215771,0.0016257954502480465,1.1688950160379272e-05,0.0,0.062086789420475706,0.47047989316404926,0.5946534720050006,-0.6043114170259636,-0.23661965301359075,0.0
0.02494482021468875,0.00013551443821642673,0.9740472911510766,0.0008706802655405417,1.693930477705334e-06,0.0,-0.1738941151604395,0.727692040468686,0.4292521401257696,-0.4363019015511928,-0.25614133179037707,0.0
0.010157255752445686,7.154004615048377e-06,0.9888619302148312,0.0009693676253390551,4.292402769029026e-06,0.0,-0.49339585340733466,-0.11116033060955761,0.5714031029579015,-0.5811540091517223,-0.2827762796208045,0.0
0.008271334877445819,8.015174241222952e-06,0.990791106362662,0.0009267274433500482,2.816142300970226e-06,0.0,-0.3181097318762556,0.010185779592096855,0.6048786034691362,-0.608796211004558,-0.4027300546413679,0.0
0.01985898988422712,3.327556868599347e-05,0.975170553601069,0.004874544581432494,6.198390245430155e-05,6.52462131097911e-07,-0.168378538139611,-0.1268167470798336,0.6639229700061877,-0.673514152558444,-0.24617368550791227,0.023445112905515455
0.023392953179497987,2.5160476665230422e-05,0.972682012460726,0.003877858466028639,2.201541708207662e-05,0.0,-0.13244032207906445,-0.04508606709074534,0.6593837312021505,-0.652808679751417,-0.3456598476957143,0.0
0.00714495464335982,5.424570265543564e-06,0.9912945773102522,0.0015508484751171345,4.195001005353689e-06,0.0,-0.4101670738570715,-0.060157837499037164,0.6092348270357036,-0.6179850579446545,-0.2739916053365238,0.0
0.026369547928329722,0.0,0.9723985216835342,0.0012319303881360426,0.0,0.0,-0.37626060604823347,0.0,0.6558063380066042,-0.654481476717702,0.0,0.0
0.004742685071170776,2.3406656299803424e-06,0.9945670313557695,0.0006868553254197871,1.0639389227183376e-06,2.364308717151861e-08,-0.2232232558969672,-0.03648841682931195,0.5816682918084434,-0.5795219143478957,-0.5001059483076284,-0.1566855546199866
0.0069358075277899086,4.785568184813478e-06,0.9922220084330827,0.0008354994359486261,1.8990349939736023e-06,0.0,0.009449200359819892,0.08294298093619683,0.6530447359786636,-0.6603941140363013,-0.36116943597533807,0.0
0.02943432170702967,0.0001609899090630611,0.9663922384976064,0.003982264278351553,3.0185607949323953e-05,0.0,-0.2224285703519735,0.2367788006972621,0.5969695823640063,-0.6070147436057084,-0.4118516109097832,0.0
0.10659212846583874,0.00022511537162795932,0.8880051026150902,0.005177653547443065,0.0,0.0,-0.36445580830312446,-0.31391084218809256,0.6091998547548577,-0.6304819457506605,0.0,0.0
0.04527300978416567,0.0001942266139017699,0.9503548682091497,0.004143501096571091,3.439429621177175e-05,0.0,-0.5670100264135434,0.16038283604268797,0.5297493675349391,-0.5443296253570016,-0.27540486997229247,0.0
0.05109776304888152,0.00012427506213753107,0.947738193869097,0.00103976801988401,0.0,0.0,-0.19104076948096102,-0.0657829064722177,0.692973357221033,-0.6920722215159342,0.0,0.0
0.020838551319941893,0.00014526874718228723,0.9770275008766217,0.0019686419876772028,2.0037068576867205e-05,0.0,0.1278272233859243,0.5953877624018186,0.5242966862941387,-0.5345502068865925,-0.26180655912732087,0.0
0.020453479168681215,2.0593154477309926e-05,0.9740418811040796,0.005339894491420713,0.000142361372256186,1.7907090849834717e-06,0.07043272051351235,-0.21129816154053707,0.620262345167383,-0.6657028100148104,0.3498915793251904,0.009088092969485465
0.0675811699712072,0.0002574966642477586,0.9278541164353098,0.004283808141576348,2.3408787658887146e-05,0.0,0.5177679574814523,0.1299576945072968,0.5672756506270893,-0.5837782150089682,-0.2289730807985706,0.0
0.017712683847896694,2.4434658363769755e-05,0.9812518975039386,0.0010085405239645966,2.4434658363769755e-06,0.0,-0.09921892218819148,0.077090961124638,0.7084516566315111,-0.6734752020471846,-0.1695287339546437,0.0
0.09108936500409535,0.00038798120446609474,0.9058498943828943,0.002629650385825753,4.3109022718454976e-05,0.0,-0.13496963524771968,0.12247244679885674,0.6573521124101902,-0.6723487385488258,-0.28743533432384744,0.0
0.009734041625885054,4.289160240536106e-06,0.9895578318544032,0.0007028688394168845,9.685200543146046e-07,0.0,-0.09815694454760844,-0.10065775842143286,0.6602148626896466,-0.6677173043111198,-0.3138521411649645,0.0
0.024539167945211573,4.891823983278856e-05,0.9724367954105797,0.002959553509883708,1.5564894492250904e-05,0.0,0.16140469532104987,0.0940808117112002,0.6533869217007205,-0.6637444422560821,-0.31245187008673825,0.0
0.11385287112992855,0.00033077533739084416,0.8772161947605187,0.00840169356972744,0.00019846520243450649,0.0,0.16983502313102788,-0.1449258864051438,0.620463951172022,-0.6272573520972631,-0.4143974564397081,0.0
0.06754337007581043,0.0007208967024789545,0.9280614855123017,0.0036626203432398494,1.1627366169015394e-05,0.0,-0.05831527789686883,0.6962130116258829,0.46057168461404563,-0.4748529771602176,-0.2725346660894482,0.0
0.02526110035256478,8.874541922580762e-05,0.9708023794346274,0.0037975486627009423,4.94708507173651e-05,7.552801636238946e-07,-0.10755745544628674,0.38429382518829536,0.6167747835748005,-0.6262980999424405,-0.2504072009608863,-0.07338555553887273
0.017002461459134224,1.5794914750768983e-05,0.9814486178685323,0.0015244640301387354,8.661727443970087e-06,0.0,-0.4800696429741761,-0.1591087959571555,0.5678538062608826,-0.577912408304151,-0.2962715510926344,0.0
0.018661991807649974,2.836686296535839e-05,0.9794487751188572,0.0018517888143785954,9.077396148914683e-06,0.0,-0.12182982678539654,-0.02966291434774873,0.6419902176691331,-0.652584115650472,-0.3824397171263318,0.0
0.0032976467182800205,1.6935069566267438e-06,0.9960967107741756,0.0006030161836410959,9.328169466009605e-07,0.0,-0.14327482409540163,0.07484505736326952,0.6483007587799393,-0.6511519990604447,-0.35996908541382006,0.0
0.023728154958738507,4.1212430454023606e-05,0.9727609384659164,0.003454386670722493,1.530747416863734e-05,0.0,-0.6442141225248877,-0.07769416553063972,0.49610961948210575,-0.5025841332763257,-0.283259978497124,0.0
0.012660425449881321,7.1196751675588165e-06,0.9842671608816568,0.003041744298509359,2.354969478500224e-05,0.0,-0.3908994627288708,-0.1126917370029177,0.6045442141302356,-0.6033703418697884,-0.3239887438833884,0.0
,,,,,,0.0,0.0,0.0,0.0,0.0,0.0
0.11062974133991409,0.0004021570240380221,0.8866831185449228,0.0022849830911251257,0.0,0.0,-0.32310301868383207,-0.08775637544499142,0.6521894266025499,-0.6801119096986835,0.0,0.0
0.019659259481247283,3.895889836222785e-05,0.9774667725549545,0.002823021712093741,1.1987353342223953e-05,0.0,-0.3865616750376086,-0.02753590013966527,0.6068488761549308,-0.6163805338955841,-0.3187809977707402,0.0
0.05923491440085727,0.00034865179427493245,0.9345867707153002,0.005732245676461389,9.741741310623113e-05,0.0,-0.2510522572902091,0.6655499945870647,0.46810785473903566,-0.47726080161940787,-0.21705559744882658,0.0
0.027015792795281678,4.815649339622402e-05,0.9710376710505972,0.0018907760038727958,7.6036568520353724e-06,0.0,0.19545951890170474,0.005724755783731938,0.6501686925809843,-0.6632538486580859,-0.31486156810525656,0.0
0.017844376848568103,4.672526014288585e-05,0.9815435222435601,0.0005653756477289187,0.0,0.0,-0.5300770209417839,-0.019197960517006257,0.5930036693030821,-0.605802309647753,0.0,0.0
0.029286633026615216,9.679042936234466e-05,0.9672095534304679,0.003383363230821514,2.365988273301758e-05,0.0,0.22001613452622037,0.2225944486026995,0.6144981882275296,-0.6359841388648558,-0.34635352427369853,0.0
0.13609641387419166,0.00029394473838918284,0.8636096413874191,0.0,0.0,0.0,0.31571170522846104,-0.21560799381455878,0.9240342592052517,0.0,0.0,0.0
0.011550081992300194,1.974595892430722e-05,0.9875407656253405,0.0008846562163352357,4.657065784034722e-06,9.314131568069443e-08,-0.7472916566478992,-0.0604980242168811,0.413768870291622,-0.41596309914922913,-0.29559397324621184,-0.07930570013922755
0.00849795484904048,7.259663649412175e-06,0.9898260999427524,0.001654166217258917,1.451932729882435e-05,0.0,0.11443022102178155,0.029851362005682145,0.6849229171303737,-0.6898981441313208,-0.2023258980385123,0.0
0.0118145600702952,9.550978229826355e-06,0.9872035527775409,0.0009700066670487058,2.329506885323501e-06,0.0,-0.4602819957695248,-0.12091534968231167,0.5764484042256429,-0.5771790105681343,-0.32877285412108914,0.0
0.021182722629255194,1.7008025468745047e-05,0.9776800589405392,0.001116344944403084,3.865460333805692e-06,0.0,-0.15389181831598975,-0.03933137750063836,0.6833046456261695,-0.6817438766777315,-0.20758227014225802,0.0
0.04411695481719085,7.397096303469238e-05,0.954302756427068,0.001506317792706463,0.0,0.0,-0.5553535535732883,-0.15720325458291498,0.5700454465249627,-0.584737339476637,0.0,0.0
0.09469948990907075,0.0,0.8917720115324905,0.013528498558438679,0.0,0.0,0.13722353469178455,0.0,0.7032706152953958,-0.6975529680165714,0.0,0.0
0.060237852052736005,0.00011739982859625025,0.935723593843553,0.003909414292255133,1.1739982859625026e-05,0.0,0.2390806430517352,-0.0298850803814669,0.5777782207083602,-0.5661562450044564,-0.5362711646229894,0.0
0.020704152264351742,4.3976534121392826e-05,0.9770486468420451,0.002198826706069641,4.397653412139282e-06,0.0,-0.7741330465510108,-0.04156419041884622,0.4062899613442218,-0.4156419041884622,-0.247306932992135,0.0
0.005693289141433052,1.4976920565408706e-06,0.9938248284393749,0.0004801975156284166,1.8721150706760883e-07,0.0,-0.19502162403817003,-0.060826680166245956,0.660314373351103,-0.6697205610056771,-0.2715252836287062,0.0
0.04009487096047461,6.257978923126987e-06,0.9578775438684323,0.0020213271921700167,0.0,0.0,-0.6722351399999821,-0.21908498991642872,0.4906005757102934,-0.5093257885236634,0.0,0.0
0.023696120338801727,5.8141427860441966e-05,0.9755829259557288,0.0006628122776090384,0.0,0.0,0.2125593538692959,0.3781442648945485,0.6318062562523823,-0.642375505892292,0.0,0.0
0.026129712557094457,8.285745430395643e-05,0.9706130128419602,0.003135036227295325,3.93809193459869e-05,0.0,-0.5641555323619132,0.285717479292969,0.49591091151168176,-0.4986406963456911,-0.3248443952471016,0.0
0.011152042117508445,1.0020432360683365e-05,0.9872693902357178,0.0015659838479951678,2.563366417849233e-06,0.0,-0.3013420604301447,-0.101408572170272,0.6295982442798878,-0.6368073844815658,-0.3114348567124941,0.0
0.020388624992600243,0.00015582015496280388,0.9783471223963915,0.0011043498318979508,4.082624147497045e-06,0.0,-0.17920807873695416,0.6667387181355183,0.480475203227818,-0.491763901101012,-0.22506841384680462,0.0
0.052703381726036426,0.00011346260866746271,0.9429202033682186,0.004249444843664734,1.350745341279318e-05,0.0,-0.6732103743427759,-0.14726476938748223,0.45368525227447937,-0.45917338032618676,-0.3292876831024447,0.0
0.028279957945327304,9.209249543385963e-05,0.9682661683769495,0.0033447670262415,1.701415604789782e-05,0.0,-0.3703498420280023,0.25805021250983384,0.5678697577762701,-0.5718520141421626,-0.3830930623988582,0.0
0.018869148634667196,3.414612492701266e-05,0.9789984258636408,0.0020914501517795255,6.829224985402531e-06,0.0,-0.24096986692863376,-0.01904900133823192,0.6219498936932721,-0.6276645940947417,-0.40098147816978186,0.0
0.01229456605188204,1.9914430708583205e-05,0.9861107104756786,0.0015672053500057751,7.482998205649447e-06,1.206935194459588e-07,-0.20396169199508424,0.06254073981064738,0.6372394299625422,-0.6485080317302264,-0.32115515037900005,-0.15719699465919476
0.02199687431593844,2.7998798597005655e-05,0.9754959605369661,0.0024740756578445,5.090690654001029e-06,0.0,-0.10311642799040553,-0.0484015886485577,0.6428993622667121,-0.6439515707155937,-0.3987870021261602,0.0
0.026676249900903296,0.00020985184459771403,0.9704732625433111,0.0026243139010525235,1.6321810135377757e-05,0.0,-0.3870055446223258,0.5332865394703975,0.49210062829958123,-0.5027521570506545,-0.2662882187768297,0.0
0.031228322496508476,0.00017573229497128164,0.9654790092398191,0.0030764712955169767,3.930853966462879e-05,1.1561335195479056e-06,-0.22286634495564642,0.30020429301861323,0.5771240425343978,-0.5821135875707182,-0.4108058746570497,-0.13970726101697237
0.014095213419077548,2.50844058504455e-05,0.983347129756551,0.002516696212286469,1.587620623445918e-05,0.0,-0.22674482602923787,0.07858769538513358,0.6506030519588928,-0.6596213120850557,-0.28987264691237796,0.0
0.01986177672880037,2.5335918652699186e-05,0.9789418928623175,0.0011702027427715437,7.917474578968496e-07,0.0,-0.10061221581074842,-0.06856536188584336,0.6387012514800844,-0.6476445595521508,-0.3972319335342882,0.0
0.0065601859764449644,5.828685896441549e-06,0.9925130843030417,0.0009184567469828247,2.4442876339916176e-06,0.0,-0.17283778804684724,0.020637347826489225,0.6032124791784246,-0.6014927001928838,-0.4940065135965858,0.0
0.010781742342418679,3.348890691196429e-05,0.9870357473853086,0.0021381206137819886,1.0900751578726633e-05,0.0,-0.21039611345668385,0.2604167580775131,0.6213904821453531,-0.6229375123913581,-0.3372525936290962,0.0
0.007898004523520845,1.0839973268625919e-05,0.9913887252354036,0.000701346270480097,1.083997326862592e-06,0.0,-0.2201463880044906,0.033626178597344625,0.6289146215784612,-0.6268129854161271,-0.40246332508696847,0.0
0.014053670898127342,3.42146583034141e-05,0.9829659348448775,0.0028863039466608354,5.9875652030974676e-05,0.0,-0.42590422211251916,0.05797649096819633,0.6109830202032998,-0.6254771429453488,-0.22521636876107035,0.0
0.009394913239648852,2.7683230318496672e-05,0.9891610187340171,0.0014105159511880424,5.868844827521294e-06,0.0,-0.4030004176995595,0.19861705800773205,0.5855999710292487,-0.5958511740231961,-0.3165058924381278,0.0
0.02319150009246339,3.3623051964426814e-05,0.976025829975698,0.0007443770115457824,4.669868328392613e-06,0.0,-0.2456190240567752,-0.05483587513825679,0.6294701500245727,-0.6454639469398976,-0.3518635321371477,0.0
0.007516023745771055,1.869984524614556e-05,0.9914480048275924,0.0010078711186449587,9.40046274535966e-06,0.0,-0.13249904282257557,0.3677524453851077,0.6129207423085129,-0.6151741273905295,-0.30510834010504645,0.0
0.026675921071445594,0.00010426099804585101,0.9726121252561841,0.0006047137886659358,2.978885658452886e-06,0.0,-0.5113236009705789,0.012022823259335881,0.5686088176768263,-0.5778027413457302,-0.2850116337360212,0.0
0.01874296268303473,5.760980364085361e-05,0.9786345014795831,0.002535261284105326,2.966474963596193e-05,0.0,-0.4056042834208925,0.13553361804727612,0.5959492911196406,-0.6099012812127426,-0.29996778700169197,0.0
0.008375372086878564,8.552843591400116e-06,0.9906520474132994,0.000962194904032513,1.8327521981571677e-06,0.0,-0.6135114029441847,-0.037916584559640594,0.515033606935118,-0.5171400838550981,-0.2991197226371647,0.0
0.010110327198693956,1.0921764669233116e-05,0.9879014151876571,0.001969889191250773,7.446657729022579e-06,0.0,-0.36451994476630095,-0.07166258976055762,0.6099784215052189,-0.6116712385861768,-0.3402562332725689,0.0
0.03629620419035959,0.00016021119182779448,0.9575249044710878,0.005958899851266625,5.978029545813227e-05,0.0,-0.19049475523662657,0.1748069518641985,0.6151860036759293,-0.6275121348971228,-0.4011595433806607,0.0
0.00905744749027723,2.4693941073845843e-05,0.9809800425323141,0.009779176715107023,0.00015416253713179033,4.476784096056172e-06,-0.28819869415898025,0.057195501923651186,-0.06496964781618629,0.048866059895934996,0.419248582061715,0.8551560481788625
0.0637651195550492,0.00028391821699359727,0.9299304400368366,0.005955002602583656,6.5519588536984e-05,0.0,-0.43923174398394554,-0.05135296509265035,0.5779940113619583,-0.5900127904261956,-0.34963720914144925,0.0
0.017364552581132762,6.728607077824576e-05,0.979988955033361,0.0025504491973413904,2.819872675768806e-05,5.583906288651101e-07,-0.4165053296442077,0.17878607154838805,0.5952914011925957,-0.623764738513265,-0.20792157950442167,-0.08873086513882962
0.012057764887849317,1.3361804811477574e-05,0.9868899027007819,0.0010360815676791664,2.889038878157313e-06,0.0,-0.484808711093595,-0.15113765541622615,0.5446796663792499,-0.5468700671823836,-0.3825900069473552,0.0
0.005784226704256017,3.5091365243211427e-06,0.9930058035269551,0.0012042186839295388,2.2419483349829524e-06,0.0,-0.701840912130192,-0.11980989382629853,0.4533715300472433,-0.45405226808034727,-0.285229235870563,0.0
0.008489795475224009,6.0101315307591745e-06,0.9906166336787996,0.0008846525862856166,2.9081281600447617e-06,0.0,-0.4863189810039969,-0.15557307452772695,0.5671679803648628,-0.5739053969782683,-0.2970588234092424,0.0
0.024496965324718095,9.880338127127017e-05,0.972956103069178,0.0024277402255226386,2.038799930994464e-05,0.0,0.025828735486367747,0.4818673464175482,0.5674250327161414,-0.5722679206198353,-0.3430378931783216,0.0
0.03025127583993401,7.551926757928797e-05,0.9671055497947909,0.002558941336052027,8.713761643763996e-06,0.0,0.36521534952104034,0.16410014015641342,0.614450148856345,-0.6329576834604517,-0.24800096369503077,0.0
0.043843014645973566,0.00013609169715299752,0.9497803730703183,0.00601489487811735,0.00022383502821216695,1.7906802256973356e-06,-0.6490000221809065,-0.08971058621939096,0.518639326580854,-0.5480756126840917,-0.007008639548389919,-0.03644492565162758
0.04269980405517252,0.00010778890313242252,0.9484153106437693,0.008677006702160013,0.0001000896957658209,0.0,-0.19717044771124925,-0.11294229529090975,0.6125683812388326,-0.6144826574302039,-0.4421978002067823,0.0
0.021508431786139738,2.4590432682324397e-05,0.9736117334615679,0.004745953507688609,0.00010929081192144176,0.0,-0.46524057629799503,-0.1954792337386534,0.5903472858907333,-0.6157595862767582,0.1329258789422843,0.0
0.019124566105952378,2.6850917663674804e-05,0.9800980998276843,0.0007471267839917514,3.3563647079593505e-06,0.0,-0.5770583524641291,-0.15244556752510185,0.5379492801671134,-0.5491233008234035,-0.22986556778654102,0.0
0.077516432179912,0.00019917793832726746,0.9218498198345012,0.00043457004725949266,0.0,0.0,-0.38931541754337134,-0.18756491776381046,0.6257417844725442,-0.6493844211654615,0.0,0.0
0.015961010188142666,1.4075260417452117e-05,0.9823271700448968,0.0016917122520785305,6.032254464622335e-06,0.0,-0.38317106549818936,-0.13005441274208618,0.5999284200683329,-0.6069205927964021,-0.32863211821925,0.0
0.04556333159180711,0.00017832394264851725,0.9467640461389738,0.00740357211013537,9.072621643521053e-05,0.0,-0.402201228456899,-0.052092327782068244,0.5948216963022211,-0.6238964839015151,-0.30407382030928204,0.0
0.06664470161854949,0.0001647378608788765,0.916420246283102,0.015394753099131008,0.0013673242452946748,8.236893043943824e-06,-0.7558012186387315,-0.2504690085023703,0.3515354505296426,-0.43282802346462235,0.1999357874887342,-0.1230374076853749
0.05381600642974919,0.00021542974090430777,0.94218197184499,0.003770020465825386,1.6571518531100596e-05,0.0,-0.046498911230583466,0.06808769144478292,0.6767252259450987,-0.6908409668543829,-0.24079793315837864,0.0
0.07656631360476779,0.0007014858746253428,0.9042790638352146,0.01805311581473816,0.0004000208706541211,0.0,0.11275483540434733,0.5907372898358197,0.4988175870605366,-0.5024943751715478,-0.3701300031751401,0.0
0.03655257214957928,0.0002378866662916201,0.9593438828568903,0.0038560142731999775,9.644054038849465e-06,0.0,-0.009717096772403419,0.5350881289336816,0.565535032153879,-0.5694218708628402,-0.2636572257578794,0.0
0.02659141302156823,3.225156218504334e-05,0.9689699657327152,0.004341866559161459,6.450312437008667e-05,0.0,0.10710653342484765,-0.09207403750557079,0.627606704629809,-0.6332438905995379,-0.4303051956893002,0.0
0.01742787476836048,2.847946942358334e-05,0.9815968009363113,0.0009452843070320881,1.5605188725251147e-06,0.0,-0.22683947510321648,0.06782575667538035,0.64811278600919,-0.65941707878842,-0.29843332937167355,0.0
0.03533709238960673,0.0001865248720653569,0.9618213038177804,0.0026390145774988533,1.427941604328091e-05,1.7849270054101137e-06,-0.3277550066074524,0.40235595960392473,0.5588956642522602,-0.5735712615630416,-0.29840381198588944,0.017121530195911693
0.009903112794283294,1.0611530725097684e-05,0.9886232600037258,0.0014553517879643233,7.467373473216889e-06,1.9650982824254973e-07,-0.4982176220520132,-0.09256824457061075,0.5607159273035084,-0.5778145202496722,-0.26591260064551236,-0.1556561564754219
0.12803134429751806,0.001500861020269523,0.864179976934136,0.0062088250627991845,7.899268527734331e-05,0.0,-0.4512972189595509,0.4642221989774854,0.4933034040178384,-0.5083825473720954,-0.2811183153900782,0.0
0.020435686309061347,5.106168251247507e-05,0.9780264559587982,0.0014787863739397192,8.009675688231384e-06,0.0,0.07390818340317586,0.30725873999073106,0.6302956314944996,-0.6460737830075373,-0.2923110175046955,0.0
0.019927401548545613,2.5262932997649103e-05,0.9770323849147088,0.0030005146420350663,1.4435961712942345e-05,0.0,-0.6721575176880877,-0.16775790642466512,0.46048982367575864,-0.46724517561232237,-0.2994872691876572,0.0
0.0073495300454068015,5.589323188855062e-06,0.992367134263712,0.0002768864718171277,8.59895875208471e-07,0.0,-0.2846710976120502,-0.008604667937895723,0.6460671510036705,-0.6485768458188901,-0.2843125697813045,0.0
0.05067174541224153,0.00046909595826922357,0.9453972304574624,0.0034572372124441774,4.690959582692236e-06,0.0,-0.1228667656879604,0.31517996415607236,0.6045401007400371,-0.6161145062033957,-0.3748326692364589,0.0
0.000515697833430726,5.7459368627378944e-08,0.9993699292933165,0.00011425795451554302,5.7459368627378944e-08,0.0,0.23898105861717386,0.2063684309311613,0.6228477254787641,-0.6233823587195184,-0.351788672416332,0.0
0.030759470712488406,7.128131328691599e-05,0.9658728832420008,0.003278940411198136,1.7424321025690576e-05,0.0,-0.5601642353298383,0.005886139075269754,0.5454488876416639,-0.5572211657922034,-0.27959160607531336,0.0
0.007612151672085654,9.143579936493387e-06,0.990663029302018,0.0017092021150314142,6.473330928490894e-06,0.0,0.14047916228175847,0.20629420287833036,0.6166703383628374,-0.6166703383628374,-0.420884419277237,0.0
0.15978630403108304,0.0008094544277157196,0.8343856240893638,0.005018617451837462,0.0,0.0,-0.20873602777692254,-0.12808801704492975,0.6760200899593514,-0.6949960924845262,0.0,0.0
0.024358647396984793,4.142212721303806e-05,0.9743597032551294,0.0012337296320902905,6.497588582437343e-06,0.0,-0.15951311980371394,-0.08103607690563007,0.6559657172676793,-0.6670548646337129,-0.3045250468979993,0.0
0.07653520193172672,0.00021305809384025378,0.9206476966052743,0.002556697126083045,4.734624307561195e-05,0.0,-0.29986828658480824,-0.15863999677389853,0.6210175483466028,-0.6442331576305881,-0.2901951160498144,0.0
0.0037901016130619278,1.7174850168823237e-06,0.9957478949173967,0.00045951034612974167,7.756383947210494e-07,0.0,-0.13498242305836133,0.0077989844433719886,0.6647134433273971,-0.6710126230701208,-0.2993610182494325,0.0
0.017783999964853754,1.3179841871186083e-05,0.9795360988546717,0.002656470350481284,1.025098812203362e-05,0.0,0.14062376987605407,-0.047784776171474676,0.6307590454634658,-0.6252979281867258,-0.4348414631604196,0.0
0.03693326232722519,6.354239790854736e-05,0.9595507249885018,0.0034388540582411466,1.3616228123260148e-05,0.0,-0.4981650196238477,-0.15670433627002586,0.555236351969104,-0.5620075269931174,-0.32114715828178136,0.0
0.013665225776695537,1.2338568941493287e-05,0.9847005220778706,0.0016179165752859507,3.997001206399234e-06,0.0,-0.602579135040929,-0.1576748736690431,0.5091793691095851,-0.5142008619015928,-0.2972723732868583,0.0
0.20286757502894293,0.0008905512512245079,0.7918781725888325,0.0043637011310000895,0.0,0.0,-0.3512031328473767,-0.0965808615330286,0.652652488541375,-0.6643592596362876,0.0,0.0
0.03881713153423337,9.574859987958396e-05,0.959436673661183,0.001645577631828782,4.8685728752330825e-06,0.0,-0.2889186302538699,0.1321739188258173,0.6168116211871475,-0.6066443966620846,-0.38804906937323286,0.0
0.040010049619998746,6.281012499214873e-05,0.9571634947553546,0.002763645499654544,0.0,0.0,-0.2132031632962719,-0.196434375171846,0.6755426072982997,-0.6779381484589321,0.0,0.0
0.007130707202533805,4.9031957882591416e-06,0.9914777241034324,0.0013779023398154625,8.763158430080167e-06,0.0,-0.6158362154118323,-0.16566354332715957,0.4978909753256481,-0.5005920113581561,-0.30791810770591616,0.0
0.052041030334229445,0.00011439684264714293,0.9443745352628268,0.0034700375602966693,0.0,0.0,0.08599861875643248,-0.1301600716313573,0.6972860980251282,-0.6996103850185452,0.0,0.0
0.03413559752345481,5.62732208828614e-05,0.9607108223873194,0.005055429122569619,4.187774577329221e-05,0.0,0.0751604355246171,-0.16398640478098275,0.6200735930780911,-0.6234899765110282,-0.4407134628488912,0.0
0.009547337451144434,5.5096278627814466e-06,0.9897067436997405,0.0007391377686685264,1.2714525837187954e-06,0.0,0.0012305721220080685,0.10521391643168984,0.6688159483113851,-0.6743535228604215,-0.2947220232209324,0.0
0.06512194265241368,0.00036295940708824597,0.931687527075601,0.002821716680911848,5.85418398529429e-06,0.0,-0.36616263951964045,0.3226720578142426,0.5527512642557025,-0.5611687961986828,-0.3759830934531175,0.0
0.1490947308078154,0.0009554292265800411,0.8433573783022023,0.006544690202073281,4.777146132900205e-05,0.0,-0.4284859102722025,-0.12146057299054559,0.5752507693024451,-0.603928960147435,-0.32558181371076805,0.0
0.19580363147276394,0.0022595830531271016,0.7824613315400134,0.018883658372562204,0.0005648957632817754,2.6899798251513112e-05,-0.41372606424030767,0.09768532072340598,0.5229037756370556,-0.5214672268028878,-0.5056651896270428,-0.13503559041176708
0.06283152816156806,0.0001954738909077985,0.9321016997343332,0.004829093623108568,4.220459008236559e-05,0.0,-0.47353866043101056,-0.10192057260932347,0.5660511801840887,-0.5895713123247018,-0.3120337530654672,0.0
0.06848337106042138,0.00022636252829531605,0.9229322653665332,0.008192582274072784,0.00016541877067734634,0.0,-0.32831263672327143,-0.027233306271976433,0.6309049286341207,-0.6626771192847599,-0.23299606477135393,0.0
0.018343598562745343,1.5440120638809256e-05,0.9795072836931004,0.0021189727467165846,1.470487679886596e-05,0.0,-0.19131490430705697,-0.12395050138203692,0.6440036919631918,-0.6547819964311951,-0.3233491340400963,0.0
0.10498480415826399,0.0006021529809412901,0.8871133581390065,0.007203113017297697,9.657170449058426e-05,0.0,-0.3834665643403747,0.0634411595416061,0.6005763103272044,-0.631591988325323,-0.29887835161823323,0.0
0.015170067889332887,2.345304714438883e-05,0.9836109527467427,0.0011917622474852398,3.4745255028724193e-06,2.8954379190603496e-07,-0.5337244753391818,-0.13098942990025128,0.5337244753391818,-0.5400441408168256,-0.34413451100987075,-0.05515344416852686
0.02129180946742605,2.6910294533173666e-05,0.9760671373405325,0.002608376405822619,5.766491685680071e-06,0.0,-0.2760428388787949,-0.13067116633315737,0.6010873651325238,-0.6076209234491817,-0.41978112184526795,0.0
0.06325895875591615,0.0001352265043948614,0.9328735632183908,0.0037322515212981746,0.0,0.0,0.22045292034009217,-0.10937199148655735,0.6750302599560962,-0.6955375083598258,0.0,0.0
0.010909875763625678,1.6041790322133734e-05,0.9877032385457971,0.0013671170196751748,3.726880579889655e-06,0.0,-0.23819692464381298,0.12972226882010474,0.6251271402624012,-0.6307186173667161,-0.3712740797265066,0.0
0.01812658227848101,3.890089533806731e-05,0.9793238653905526,0.002492744674282186,1.7906761346094473e-05,0.0,0.1613810743212099,0.13283748294466938,0.6543069407853136,-0.6751657190989394,-0.2689684572020165,0.0
0.023910273166906287,4.356728967890907e-05,0.9731353200017427,0.002902670674857317,8.168866814795452e-06,0.0,-0.3330154749573911,-0.04667262338417981,0.61305121526247,-0.6244040155451083,-0.34815254200090884,0.0
0.007909990318529021,6.810476692505615e-06,0.9902012374787494,0.0018731837782920444,8.777947737007238e-06,0.0,-0.34725293493467124,-0.1029502818865143,0.5882873250657961,-0.5891043907950541,-0.4191547191093796,0.0
0.0705280081232019,0.0002623117278727365,0.9214757150110001,0.0076578101201556946,6.769334912844813e-05,8.461668641056017e-06,-0.283012453021381,0.022915988098897246,0.6072736846207769,-0.6290438733147294,-0.3918633964911429,-0.03666558095823559
0.05405997226332588,0.00014598249537169135,0.9399613809944062,0.005766308567181808,6.635567971440516e-05,0.0,-0.27574956394159017,-0.05499051997679111,0.6264137493008379,-0.6590892756638587,-0.3068311621893417,0.0
0.06319572667107373,0.00018236112060908614,0.9363103786272766,0.00031153358104052213,0.0,0.0,-0.13070471938824235,-0.010810164761433576,0.680057637719276,-0.7213328122629314,0.0,0.0
0.06793275367903852,0.00026493894361617575,0.920506274235892,0.011019051518581855,0.00026493894361617575,1.2042679255280714e-05,-0.318481349951192,-0.07607038613483884,0.6176915354148914,-0.6663765825411883,-0.2566107692281897,-0.036513785344722646
0.08629476208644465,0.00017714067694991006,0.9043985392707254,0.008993295906687742,0.00012263585327301467,1.3626205919223851e-05,-0.04891698312213058,-0.2140118011593213,0.6216533271770761,-0.6461118187381414,-0.38318303445668955,-0.03261132208142039
0.03916623841652438,6.216534323558179e-05,0.956650033983721,0.004100840475440545,2.0721781078527262e-05,0.0,-0.39138067083504213,-0.13692618221634126,0.5819362744194503,-0.6001930987149625,-0.3594312283178958,0.0
0.0661783395337015,9.242784851075629e-05,0.9317882477990619,0.0019409848187258822,0.0,0.0,-0.5581227656276327,-0.34107502343910895,0.5348676503931481,-0.5348676503931481,0.0,0.0
0.06068134044438268,0.00019109497420217848,0.9313824273694329,0.007600368292132099,0.00014476891985013522,0.0,-0.4789294049065009,-0.20010977920884437,0.5416304690586055,-0.5536370558111362,-0.3615316677706455,0.0
0.05654009360544812,0.0001474531563167294,0.9401613246754665,0.0031456673347568936,5.461228011730718e-06,0.0,-0.34562622099818435,-0.12264156228967832,0.590909345577541,-0.5978776161621818,-0.3985850774414545,0.0
0.06853774060264033,0.0001511639625113373,0.9229869998992241,0.008243474755618261,8.062078000604655e-05,0.0,-0.32822168982085775,-0.16465246486062832,0.6001149048209743,-0.6141970235261596,-0.35746916713162724,0.0
0.017563580742248678,3.9232705748127493e-05,0.9786593575242359,0.003697134233606151,4.04511127589389e-05,2.4368140216228254e-07,-0.5890246836372043,0.05675274324095691,0.5391510607890906,-0.5529093015747771,-0.20465383168708703,-0.10748625613817596
0.1560620032494621,0.0013612611425811267,0.8182057699907785,0.023141439423879154,0.0012295261932990824,0.0,-0.5305930312982806,-0.07579900447118294,0.5489685475337189,-0.6086889752988933,-0.20213067858982117,0.0
0.054824697727908496,0.00013598358872346378,0.9405091225561807,0.004471917446305909,5.8278680881484474e-05,0.0,-0.6874667326429856,-0.09592559060134682,0.4649726544426395,-0.48495715248458676,-0.2584661746758512,0.0
0.01494356973665877,3.850017966750512e-05,0.9830250874504081,0.0019763425562652624,1.6500077000359334e-05,0.0,-0.23232320301890966,0.07654579521432282,0.6311670833461708,-0.6405674441619646,-0.36258534575205553,0.0
0.017841624127915748,4.783079965002572e-05,0.9812871194599976,0.0008219538955242881,1.4717169123084836e-06,0.0,-0.35062479854201717,0.17387932788732188,0.6133545522179157,-0.6219529805200359,-0.2894804195047172,0.0
0.02745995829136461,6.738640071500517e-05,0.9676252677722765,0.004805714366780633,4.167316886322689e-05,0.0,-0.5304409642168489,-0.12902618048517947,0.5077419139463081,-0.5101312876589965,-0.4288925814275873,0.0
0.011862963418355034,1.7709691603430418e-05,0.986815893588029,0.0012998913636917927,3.5419383206860836e-06,0.0,-0.19963613697890673,-0.0035396478187749423,0.6643918955840565,-0.6891694303154812,-0.20919318608959908,0.0
0.031289913990788475,8.141347959441929e-05,0.965350305094065,0.0032358908375028244,4.247659804926224e-05,0.0,-0.23857881293870994,-0.02206036968953825,0.6413848224550935,-0.6601769892276632,-0.3088451756535355,0.0
0.005519017198522931,6.035010605273845e-06,0.9939174636862096,0.000556855457724122,6.286469380493589e-07,0.0,-0.3175003417345817,0.051882826713288664,0.6378204023122769,-0.6445877275357493,-0.27238484024476545,0.0
0.2523031203566122,0.0017830609212481426,0.6947994056463596,0.04903417533432392,0.0020802377414561664,0.0,-0.8234883966137795,-0.3536156056047406,0.2712667659433627,-0.2712667659433627,-0.22282627202490504,0.0
0.022072131394276898,2.4457697589976106e-05,0.97472014749873,0.003156924350459993,2.633905894305119e-05,0.0,-0.4637909973994277,-0.2912176030182453,0.5516185284684223,-0.5624043656172462,-0.28197259974782485,0.0
0.03418074319997131,8.197435227453211e-05,0.9626862995240364,0.003035612732666267,1.537019105147477e-05,0.0,-0.19459843715367126,-0.035958406865352295,0.628214519941743,-0.6387905219609643,-0.39765767592271944,0.0
0.04352431391429947,0.00010832932113625421,0.9460479858770663,0.009805809661370566,0.0005135612261274274,0.0,-0.04065978419470211,-0.10699943209132134,0.6612564903243658,-0.7147562063700266,-0.19687895504803127,0.0
0.026182656381824754,3.1637941424611304e-05,0.9688411474026757,0.004911413764011089,3.01313727853441e-05,3.01313727853441e-06,0.052112641009097856,-0.06151000250254173,0.6569609989507583,-0.664649749263576,-0.32805334668022257,0.11191403233101344
0.04449083141874109,0.00022591058910704321,0.9518403806141605,0.0034112498955163524,3.162748247498605e-05,0.0,-0.6557195002981729,0.09032427553776157,0.4959150128082871,-0.5124165631469166,-0.23102170474081327,0.0
0.020147929458691247,2.9444557860519167e-05,0.9770960599255641,0.0027226401168360054,3.925941048069222e-06,0.0,-0.7525752420491492,-0.16612028754262154,0.3989403875076593,-0.4001988745344974,-0.2944859642801018,0.0
0.05170333478807794,0.00011980249702633088,0.9479458150420592,0.00023104767283649527,0.0,0.0,-0.06294212245111977,-0.08281858217252601,0.6890506036754165,-0.7172089216140753,0.0,0.0
0.007368547871560934,7.523251350026263e-06,0.9906527310620955,0.001961979183057553,9.112670649327586e-06,1.059612866200882e-07,-0.2951667511465539,-0.02051007636365782,0.633137139921611,-0.6420545644275492,-0.31032637280664876,-0.05528803193681674
0.02922789906064871,4.165637654984037e-05,0.9663386722922611,0.004376894993201084,1.4877277339228702e-05,0.0,-0.21916867006599516,-0.07092837218964244,0.6511224567009176,-0.6553781590322962,-0.3057012841373589,0.0
0.03621457611906309,5.224415434798626e-05,0.9599461483332106,0.003765597894158702,2.009390551845625e-05,1.3395937012304169e-06,-0.5808917366053883,-0.19807164719113393,0.4823000198420884,-0.4814118061775542,-0.39436686705319945,-0.058622101859259375
0.00557141202831844,3.248676215202871e-06,0.99345276685354,0.000970609700046341,1.962741880018401e-06,0.0,-0.5364851695893136,-0.10701417706219173,0.5279994639191837,-0.5275280358263988,-0.37902818659912835,0.0
0.014069192973236107,1.2352479114484461e-05,0.9847533911766242,0.0011628174657316963,2.245905293542629e-06,0.0,-0.3044446423388972,-0.13642069613455773,0.6131030513537653,-0.6231107472091961,-0.3529029591125625,0.0
0.10544919496685158,0.000507373833040184,0.884014341767014,0.009893789744283588,0.00011838722770937627,1.6912461101339467e-05,-0.5083909262224137,-0.07991429275068039,0.5355957918396665,-0.5764030902655459,-0.33155929971026976,-0.07821398864960209
0.03301192926314703,7.74208533068382e-05,0.9620282973218837,0.004842029200565172,4.0323361097311564e-05,0.0,0.28551882848926713,0.042190067439994795,0.616171217495738,-0.6308886828817827,-0.37284245644646563,0.0
0.24425719192786605,0.0012881064834693002,0.7487655646200085,0.005635465865178188,5.367110347788751e-05,0.0,0.347243426764747,0.04686721097438303,0.5922311204944765,-0.6199253815247938,-0.3770680155666271,0.0
0.02555783549430286,4.8699140657596345e-05,0.9724533968966802,0.001934803696396395,5.264771962983388e-06,0.0,-0.520757196875705,-0.0629796609939932,0.552717024842806,-0.5555370096634326,-0.33275820883393425,0.0
0.026765714492999585,5.959452404056055e-05,0.9715824807645719,0.0015870280858627538,5.182132525266135e-06,0.0,-0.36634004531523323,-0.05735035853177772,0.6097864652052285,-0.6203202045273917,-0.32537550350682054,0.0
0.05870533132878455,0.0004770440615242281,0.9364808604140165,0.004257256852087429,7.950734358737135e-05,0.0,-0.39236881347783137,0.18235417441006263,0.5818942194658178,-0.6177503773554369,-0.3042651112347674,0.0
